<?xml version="1.0" encoding="UTF-8"?>
<tomcat-users xmlns="http://tomcat.apache.org/xml"
              xmlns:xsi="http://www.w3.org/2001/XMLSchema-instance"
              xsi:schemaLocation="http://tomcat.apache.org/xml tomcat-users.xsd"
              version="1.0">
  <!-- Define roles for Tomcat Manager and Admin applications -->
  <role rolename="manager-gui"/>
  <role rolename="manager-script"/>
  <role rolename="manager-jmx"/>
  <role rolename="manager-status"/>
  <role rolename="admin-gui"/>
  <role rolename="admin-script"/>
  
  <!-- Users for GUI access -->
  <user username="tomcat" password="tomcat" roles="manager-gui"/>
  <user username="admin" password="admin" roles="manager-gui,admin-gui"/>
  
  <!-- User for Jenkins deployment -->
  <user username="deployer" password="deployer" roles="manager-script"/>
</tomcat-users>
